method,n_queries,top_k,avg_age_diff,same_city_at_k,same_sex_at_k,same_orientation_at_k,same_status_at_k,same_job_at_k,same_education_at_k
random_baseline,50,5,9.94,0.316,0.5479999999999999,0.784,0.92,0.06447368421052632,0.1975
sbert,50,5,9.456,0.38800000000000007,0.604,0.8079999999999999,0.9159999999999999,0.16403508771929826,0.35541666666666666
tfidf,50,5,7.9319999999999995,0.44,0.596,0.7759999999999999,0.8440000000000001,0.1456140350877193,0.28583333333333333
